-- Adminer 4.7.4 MySQL dump

SET NAMES utf8;
SET time_zone = '+00:00';
SET foreign_key_checks = 0;
SET sql_mode = 'NO_AUTO_VALUE_ON_ZERO';

DROP TABLE IF EXISTS `ds_admin`;
CREATE TABLE `ds_admin` (
  `id` int(100) NOT NULL AUTO_INCREMENT,
  `fname` varchar(50) NOT NULL,
  `lname` varchar(50) NOT NULL,
  `username` varchar(50) NOT NULL,
  `email` varchar(50) NOT NULL,
  `mobile` varchar(20) DEFAULT NULL,
  `password` varchar(255) NOT NULL,
  `user_role` varchar(10) DEFAULT NULL,
  `permissions` text,
  `active` tinyint(4) DEFAULT NULL,
  `last_modified` varchar(255) NOT NULL,
  `created` timestamp NOT NULL DEFAULT CURRENT_TIMESTAMP,
  PRIMARY KEY (`id`)
) ENGINE=InnoDB DEFAULT CHARSET=utf32;

INSERT INTO `ds_admin` (`id`, `fname`, `lname`, `username`, `email`, `mobile`, `password`, `user_role`, `permissions`, `active`, `last_modified`, `created`) VALUES
(1,	'admin',	'',	'admin',	'tanvi@innovins.com',	NULL,	'$2y$10$i2wEVPdzjVe/gSx7vM3CKugSxvWlMQWuIiMTHvvPgAIf1lz2g2qP2',	'super',	'discount_coupon_view,discount_coupon_add,discount_coupon_update,discount_coupon_delete,vendor_subscription_view,vendor_subscription_create,vendor_subscription_update,vendor_subscription_delete',	1,	'2019-01-18 16:04:48',	'2019-01-18 10:34:48');

DROP TABLE IF EXISTS `ds_brand_master`;
CREATE TABLE `ds_brand_master` (
  `id` int(11) NOT NULL AUTO_INCREMENT,
  `brand_name` varchar(250) NOT NULL,
  `image_name` varchar(350) NOT NULL,
  `created` timestamp NOT NULL DEFAULT CURRENT_TIMESTAMP,
  PRIMARY KEY (`id`)
) ENGINE=InnoDB DEFAULT CHARSET=latin1;

INSERT INTO `ds_brand_master` (`id`, `brand_name`, `image_name`, `created`) VALUES
(1,	'Test123',	'rbvawvw9vleakxw9aanyejgto7o224-1568969494-1.jpg',	'2019-09-20 08:11:38'),
(2,	'abc',	'41665df6037592629ecd0c1e8833b463-1569321034-2.jpg',	'2019-09-24 10:30:35'),
(3,	'dental brand',	'carousa-l03-1571293828-2.jpg',	'2019-10-17 06:30:29'),
(4,	'Meta',	'51ub7z2zyml-1571398810-2.jpg',	'2019-10-18 11:40:10'),
(5,	'SDI WAVE FLOWABLE COMPOSITE',	'flexi-1571649975-2.jpg',	'2019-10-21 09:26:15'),
(6,	'3M ESPE',	'3m-espe_1-1571651630-1.jpg',	'2019-10-21 09:48:00'),
(7,	'tokuyama',	'download-1571652874-2.png',	'2019-10-21 10:14:34'),
(8,	'Prevest Denpro ',	'images-1571653779-2.jpg',	'2019-10-21 10:29:39'),
(9,	' Navkar Dental',	'download-1571654447-2.jpg',	'2019-10-21 10:40:47'),
(10,	'Anabond Stedman',	'anabond stedman-1571654961-2.jpg',	'2019-10-21 10:49:21'),
(11,	'Pulpdent',	'images-1571655181-2.jpg',	'2019-10-21 10:53:01'),
(12,	'FGM',	'fgm-1571655507-2.jpg',	'2019-10-21 10:58:27'),
(13,	'Dentsply',	'dentsply-1571655696-2.png',	'2019-10-21 11:01:36'),
(14,	' Coltene Whaledent',	'download-1571655945-2.jpg',	'2019-10-21 11:05:46'),
(15,	' Medicept Dental ',	'medicept dental-1571656328-2.jpg',	'2019-10-21 11:12:08'),
(16,	' Unodent',	'flu650-1571656937-2.jpg',	'2019-10-21 11:22:17'),
(17,	' Kulzer',	'kulzer-1571657153-2.jpg',	'2019-10-21 11:25:53'),
(18,	' Ivoclar Vivadent',	'ivoclar vivadent-1571657423-2.png',	'2019-10-21 11:30:23'),
(19,	' GC',	'gc_1-1571719789-2.jpg',	'2019-10-22 04:49:49'),
(20,	' Voco',	'voco-1571722491-2.png',	'2019-10-22 05:34:51'),
(21,	' D-Tech Ortho',	'd-tech ortho-1571724783-2.png',	'2019-10-22 06:13:03'),
(22,	' Sybron Endo',	'download-1571725798-2.jpg',	'2019-10-22 06:29:58'),
(23,	' Kerr',	'download (1)-1571726866-2.jpg',	'2019-10-22 06:47:46'),
(24,	'Ammdent',	'ammdent-1571727505-2.jpg',	'2019-10-22 06:58:25'),
(25,	'Unodent',	'download (1)-1571728374-2.png',	'2019-10-22 07:12:54'),
(26,	'Dental Avenue',	'tair5mrh_400x400-1571729360-2.jpg',	'2019-10-22 07:29:20'),
(27,	' Itena',	'0-1571729679-2.png',	'2019-10-22 07:34:39'),
(28,	' Nexobio',	'123-1571805152-2.jpg',	'2019-10-23 04:32:32'),
(29,	' Sun Medical',	'images (1)-1571807408-2.jpg',	'2019-10-23 05:10:08');

DROP TABLE IF EXISTS `ds_category_master`;
CREATE TABLE `ds_category_master` (
  `id` int(11) NOT NULL AUTO_INCREMENT,
  `category_name` varchar(100) NOT NULL,
  `active` varchar(10) NOT NULL DEFAULT 'No',
  `display_order` int(11) NOT NULL,
  `created` timestamp NOT NULL DEFAULT CURRENT_TIMESTAMP,
  `banner_image` varchar(250) DEFAULT NULL,
  `image_name` varchar(250) DEFAULT NULL,
  `permalink` varchar(250) DEFAULT NULL,
  `meta_title` varchar(400) DEFAULT NULL,
  `meta_keyword` varchar(400) DEFAULT NULL,
  `meta_description` text,
  PRIMARY KEY (`id`)
) ENGINE=InnoDB DEFAULT CHARSET=latin1;

INSERT INTO `ds_category_master` (`id`, `category_name`, `active`, `display_order`, `created`, `banner_image`, `image_name`, `permalink`, `meta_title`, `meta_keyword`, `meta_description`) VALUES
(1,	'Dental',	'Yes',	0,	'2019-09-20 06:03:23',	'41665df6037592629ecd0c1e8833b463-1568959662-2.jpg',	'rbvawvw9vleakxw9aanyejgto7o224-1568969429-1.jpg',	'dental',	'test',	'test',	'test'),
(2,	'HOROSCOPE',	'Yes',	0,	'2019-09-24 10:29:42',	'41665df6037592629ecd0c1e8833b463-1569320981-2.jpg',	'',	'horoscope',	'',	'',	''),
(3,	'test',	'Yes',	0,	'2019-10-17 04:15:54',	'1568360157012_crop-1571285754-2.jpg',	'',	'test',	'',	'',	''),
(4,	'dental category',	'Yes',	0,	'2019-10-17 05:14:42',	'image003-1571294260-2.png',	'',	'dental-category',	'',	'',	''),
(8,	' General Dentistry',	'Yes',	0,	'2019-10-21 10:02:07',	'sdi101_wave01_01_001_14-1571652126-2.jpg',	'',	'-general-dentistry',	'',	'',	'');

DROP TABLE IF EXISTS `ds_product_master`;
CREATE TABLE `ds_product_master` (
  `id` int(11) NOT NULL AUTO_INCREMENT,
  `category_id` int(11) DEFAULT NULL,
  `sub_cat_id` int(11) NOT NULL DEFAULT '0',
  `subsub_categor_id` int(11) NOT NULL DEFAULT '0',
  `brand_id` int(11) NOT NULL DEFAULT '0',
  `product_name` varchar(350) DEFAULT NULL,
  `product_code` varchar(350) DEFAULT NULL,
  `hsn_code` varchar(20) DEFAULT NULL,
  `availability` int(11) NOT NULL DEFAULT '0',
  `main_image` varchar(350) DEFAULT NULL,
  `image_one` varchar(350) DEFAULT NULL,
  `image_two` varchar(350) DEFAULT NULL,
  `image_three` varchar(350) DEFAULT NULL,
  `image_four` varchar(350) NOT NULL,
  `image_five` varchar(350) DEFAULT NULL,
  `price` int(11) NOT NULL DEFAULT '0',
  `discount_price` int(11) NOT NULL DEFAULT '0',
  `tax` int(10) NOT NULL DEFAULT '0',
  `description` text NOT NULL,
  `active` varchar(10) NOT NULL DEFAULT 'No',
  `meta_title` varchar(350) DEFAULT NULL,
  `meta_keyword` varchar(350) DEFAULT NULL,
  `meta_description` text,
  `permalink` varchar(350) DEFAULT NULL,
  `time` varchar(350) DEFAULT NULL,
  `feature_product` varchar(10) DEFAULT 'No',
  `avg_rating` varchar(10) NOT NULL DEFAULT '0',
  `created` timestamp NOT NULL DEFAULT CURRENT_TIMESTAMP,
  PRIMARY KEY (`id`)
) ENGINE=InnoDB DEFAULT CHARSET=latin1;

INSERT INTO `ds_product_master` (`id`, `category_id`, `sub_cat_id`, `subsub_categor_id`, `brand_id`, `product_name`, `product_code`, `hsn_code`, `availability`, `main_image`, `image_one`, `image_two`, `image_three`, `image_four`, `image_five`, `price`, `discount_price`, `tax`, `description`, `active`, `meta_title`, `meta_keyword`, `meta_description`, `permalink`, `time`, `feature_product`, `avg_rating`, `created`) VALUES
(2,	1,	4,	0,	2,	'TEST',	'product12',	'product12',	50,	'1569320937-1.jpg',	'1569320938-2.jpg',	'1569320938-3.jpg',	'1569320939-4.jpg',	'1569320939-5.jpg',	NULL,	1500,	1400,	5,	'TEST 123',	'Yes',	'TEST',	'TEST1',	'asdasd',	'test/20190924035857',	'20190924035857',	'Yes',	'0',	'2019-09-24 10:28:59'),
(3,	4,	8,	2,	3,	'dental product',	'prod1',	'123',	12,	'1571294093-1.jpg',	'',	'',	'',	'',	NULL,	122,	0,	5,	'test',	'Yes',	'',	'',	'',	'dental-product/20191017120453',	'20191017120453',	'Yes',	'0',	'2019-10-17 06:34:53'),
(4,	5,	9,	3,	4,	'Meta nexcore',	'01',	'121313',	12,	'1571398965-1.jpg',	'',	'',	'',	'',	NULL,	2815,	0,	5,	'test',	'Yes',	'meta nexcore',	'',	'',	'meta-nexcore/20191018051245',	'20191018051245',	'Yes',	'0',	'2019-10-18 11:42:46'),
(6,	8,	11,	4,	6,	'3M ESPE KETAC MOLAR GLASS IONOMER CEMENT',	'03',	'286245',	12,	'1571652340-1.jpg',	'',	'',	'',	'',	NULL,	1526,	0,	5,	'TEST',	'Yes',	'3M ESPE KETAC MOLAR GLASS IONOMER CEMENT',	'',	'',	'3m-espe-ketac-molar-glass-ionomer-cement/20191021033540',	'20191021033540',	'Yes',	'0',	'2019-10-21 10:05:40'),
(7,	8,	11,	4,	6,	'3M ESPE RESTORATIVE INTRODUCTORY VALUX KIT',	'04',	'83497',	12,	'1571652544-1.jpg',	'',	'',	'',	'',	NULL,	3626,	0,	5,	'test',	'Yes',	'',	'',	'',	'3m-espe-restorative-introductory-valux-kit/20191021033832',	'20191021033832',	'Yes',	'0',	'2019-10-21 10:08:32'),
(8,	8,	11,	4,	7,	'TOKUYAMA TOKUSO IONOMER KIT',	'05',	'83497',	12,	'1571653143-1.jpg',	'',	'',	'',	'',	NULL,	3200,	0,	5,	'test',	'Yes',	'',	'',	'',	'tokuyama-tokuso-ionomer-kit/20191021034903',	'20191021034903',	'Yes',	'0',	'2019-10-21 10:19:03'),
(9,	8,	11,	4,	6,	'3M ESPE FILTEK Z250 XT NANOHYBRID RESTORATIVE PROCEDURAL KIT',	'06',	'83497',	12,	'1571653252-1.jpg',	'',	'',	'',	'',	NULL,	5229,	0,	5,	'test',	'Yes',	'',	'',	'',	'3m-espe-filtek-z250-xt-nanohybrid-restorative-procedural-kit/20191021035052',	'20191021035052',	'Yes',	'0',	'2019-10-21 10:20:52'),
(10,	8,	11,	4,	6,	'3M ESPE Vitrebond Light Cure Glass Ionomer Liner/Base - Intro Kit',	'07',	'83497',	12,	'1571653374-1.jpg',	'',	'',	'',	'',	NULL,	3291,	0,	5,	'test',	'Yes',	'',	'',	'',	'3m-espe-vitrebond-light-cure-glass-ionomer-liner-base-intro-kit/20191021035254',	'20191021035254',	'Yes',	'0',	'2019-10-21 10:22:54'),
(11,	8,	11,	4,	8,	' Prevest Denpro Fusion Universal Composite Kit',	'08',	'83497',	12,	'1571654048-1.jpg',	'',	'',	'',	'',	NULL,	2601,	0,	5,	'test',	'Yes',	'',	'',	'',	'-prevest-denpro-fusion-universal-composite-kit/20191021040408',	'20191021040408',	'Yes',	'0',	'2019-10-21 10:34:09'),
(12,	8,	11,	4,	9,	'NAVKAR DENTAL INTAGLIO KIT',	'09',	'83497',	12,	'1571654646-1.jpg',	'',	'',	'',	'',	NULL,	2195,	0,	5,	'<p>test.</p>\r\n\r\n<p>&nbsp;</p>\r\n',	'Yes',	'',	'',	'',	'navkar-dental-intaglio-kit/20191021041406',	'20191021041406',	'Yes',	'0',	'2019-10-21 10:44:07'),
(13,	8,	11,	4,	6,	'3M ESPE Filtek Z350 XT Nanofill Restorative Procedural Kit',	'10',	'83497',	12,	'1571654739-1.jpg',	'',	'',	'',	'',	NULL,	9064,	0,	5,	'test',	'Yes',	'',	'',	'',	'3m-espe-filtek-z350-xt-nanofill-restorative-procedural-kit/20191021041539',	'20191021041539',	'Yes',	'0',	'2019-10-21 10:45:39'),
(14,	8,	11,	4,	10,	'ANABOND RESTOFILL KIT',	'11',	'83497',	12,	'1571655062-1.jpg',	'',	'',	'',	'',	NULL,	4510,	0,	5,	'test',	'Yes',	'',	'',	'',	'anabond-restofill-kit/20191021042102',	'20191021042102',	'Yes',	'0',	'2019-10-21 10:51:02'),
(15,	8,	11,	4,	11,	'PULPDENT FLOWS-RITE MULTI-PURPOSE FLOWABLE KIT & REFILL',	'12',	'83497',	12,	'1571655278-1.jpg',	'',	'',	'',	'',	NULL,	3300,	0,	5,	'test',	'Yes',	'',	'',	'',	'pulpdent-flows-rite-multi-purpose-flowable-kit-refill/20191021042438',	'20191021042438',	'Yes',	'0',	'2019-10-21 10:54:38'),
(16,	8,	11,	4,	12,	'FGM LLIS LIGHT CURE NANOHYBRID COMPOSIT',	'13',	'83497',	12,	'1571655590-1.jpg',	'',	'',	'',	'',	NULL,	1188,	0,	5,	'test',	'Yes',	'fgm',	'',	'',	'fgm-llis-light-cure-nanohybrid-composit/20191021042950',	'20191021042950',	'Yes',	'0',	'2019-10-21 10:59:50'),
(17,	8,	11,	4,	13,	'Dentsply Ceram.X Mono Compact Kit',	'14',	'83497',	12,	'1571655759-1.jpg',	'',	'',	'',	'',	NULL,	7130,	0,	5,	'test',	'Yes',	'Dentsply Ceram.X Mono Compact Kit',	'',	'',	'dentsply-ceram-x-mono-compact-kit/20191021043239',	'20191021043239',	'Yes',	'0',	'2019-10-21 11:02:39'),
(18,	8,	11,	4,	6,	'3M ESPE Ketac Universal Glass Ionomer Restorative-Intro Kit A3',	'15',	'83497',	12,	'1571655838-1.jpg',	'',	'',	'',	'',	NULL,	2591,	0,	5,	'<a class=\"product-item-link\" href=\"https://pinkblue.in/3m-espe-ketac-universal-glass-ionomer-restorative-intro-kit-a3.html\" style=\"box-sizing: border-box; color: rgb(21, 20, 20); outline: 0px; font-weight: bold; font-family: Arial; font-size: 12px; text-align: center;\">3M ESPE Ketac Universal Glass Ionomer Restorative-Intro Kit A3</a>',	'Yes',	'3M ESPE Ketac Universal Glass Ionomer Restorative-Intro Kit A3',	'',	'',	'3m-espe-ketac-universal-glass-ionomer-restorative-intro-kit-a3/20191021043358',	'20191021043358',	'Yes',	'0',	'2019-10-21 11:03:58'),
(19,	8,	11,	4,	14,	'COLTENE BRILLIANT NG INTRO KIT',	'16',	'83497',	12,	'1571656079-1.jpg',	'',	'',	'',	'',	NULL,	5312,	0,	5,	'<div class=\"page-title-wrapper product\" style=\"box-sizing: border-box; color: rgb(79, 79, 79); font-family: &quot;Open Sans&quot;, &quot;Helvetica Neue&quot;, Helvetica, Arial, sans-serif;\">\r\n<h1 class=\"page-title\" style=\"box-sizing: border-box; font-weight: 600; line-height: 1; margin: 0px 0px 13.5px; font-family: Arial, Helvetica, sans-serif; color: rgb(2, 82, 133); text-transform: uppercase; font-size: 21px !important; text-align: justify;\">COLTENE BRILLIANT NG INTRO KIT</h1>\r\n</div>\r\n',	'Yes',	'COLTENE BRILLIANT NG INTRO KIT',	'',	'',	'coltene-brilliant-ng-intro-kit/20191021043759',	'20191021043759',	'Yes',	'0',	'2019-10-21 11:07:59'),
(20,	8,	11,	4,	14,	'COLTENE BRILLIANT NG BASKET OFFER',	'17',	'83497',	12,	'1571656188-1.jpg',	'',	'',	'',	'',	NULL,	8557,	0,	5,	'<div class=\"page-title-wrapper product\" style=\"box-sizing: border-box; color: rgb(79, 79, 79); font-family: &quot;Open Sans&quot;, &quot;Helvetica Neue&quot;, Helvetica, Arial, sans-serif;\">\r\n<h1 class=\"page-title\" style=\"box-sizing: border-box; font-weight: 600; line-height: 1; font-size: 21px !important; margin: 0px 0px 13.5px; font-family: Arial, Helvetica, sans-serif; color: rgb(2, 82, 133); text-transform: uppercase;\">&nbsp;</h1>\r\n\r\n<div>COLTENE BRILLIANT NG BASKET OFFER</div>\r\n</div>\r\n',	'Yes',	'COLTENE BRILLIANT NG BASKET OFFER',	'',	'',	'coltene-brilliant-ng-basket-offer/20191021043948',	'20191021043948',	'Yes',	'0',	'2019-10-21 11:09:48'),
(21,	8,	11,	4,	15,	'MEDICEPT DENTAL MATRIX MICROHYBRID COMPOSITE KIT',	'18',	'83497',	12,	'1571656423-1.jpg',	'',	'',	'',	'',	NULL,	4731,	0,	5,	'<div class=\"page-title-wrapper product\" style=\"box-sizing: border-box; color: rgb(79, 79, 79); font-family: &quot;Open Sans&quot;, &quot;Helvetica Neue&quot;, Helvetica, Arial, sans-serif;\">\r\n<h1 class=\"page-title\" style=\"box-sizing: border-box; font-weight: 600; line-height: 1; font-size: 21px !important; margin: 0px 0px 13.5px; font-family: Arial, Helvetica, sans-serif; color: rgb(2, 82, 133); text-transform: uppercase;\">&nbsp;</h1>\r\n\r\n<div>MEDICEPT DENTAL MATRIX MICROHYBRID COMPOSITE KIT</div>\r\n</div>\r\n',	'Yes',	'MEDICEPT DENTAL MATRIX MICROHYBRID COMPOSITE KIT',	'',	'',	'medicept-dental-matrix-microhybrid-composite-kit/20191021044343',	'20191021044343',	'Yes',	'0',	'2019-10-21 11:13:43'),
(22,	8,	11,	4,	16,	'UNODENT UNOLUX BCS SYRINGE KIT',	'19',	'83497',	12,	'1571657012-1.jpg',	'',	'',	'',	'',	NULL,	7221,	0,	5,	'UNODENT UNOLUX BCS SYRINGE KIT',	'Yes',	'UNODENT UNOLUX BCS SYRINGE KIT',	'',	'',	'unodent-unolux-bcs-syringe-kit/20191021045332',	'20191021045332',	'Yes',	'0',	'2019-10-21 11:23:33'),
(23,	8,	11,	4,	17,	'KULZER CHARISMA CLASSIC BASIC KIT (4SYR) SYRINGE ASSORTMENT',	'20',	'83497',	12,	'1571657289-1.jpg',	'',	'',	'',	'',	NULL,	4551,	0,	5,	'<div class=\"page-title-wrapper product\" style=\"box-sizing: border-box; color: rgb(79, 79, 79); font-family: &quot;Open Sans&quot;, &quot;Helvetica Neue&quot;, Helvetica, Arial, sans-serif;\">\r\n<h1 class=\"page-title\" style=\"box-sizing: border-box; font-weight: 600; line-height: 1; font-size: 21px !important; margin: 0px 0px 13.5px; font-family: Arial, Helvetica, sans-serif; color: rgb(2, 82, 133); text-transform: uppercase;\">&nbsp;</h1>\r\n</div>\r\n',	'Yes',	'KULZER CHARISMA CLASSIC BASIC KIT (4SYR) SYRINGE ASSORTMENT',	'',	'',	'kulzer-charisma-classic-basic-kit-4syr-syringe-assortment/20191021045809',	'20191021045809',	'Yes',	'0',	'2019-10-21 11:28:10'),
(24,	8,	11,	4,	18,	'IVOCLAR VIVADENT TETRIC N-COLLECTION SYSTEM KIT/N-BOND',	'21',	'83497',	12,	'1571658298-1.jpg',	'',	'',	'',	'',	NULL,	9721,	0,	5,	'IVOCLAR VIVADENT TETRIC N-COLLECTION SYSTEM KIT/N-BOND',	'Yes',	'IVOCLAR VIVADENT TETRIC N-COLLECTION SYSTEM KIT/N-BOND',	'',	'',	'ivoclar-vivadent-tetric-n-collection-system-kit-n-bond/20191021051458',	'20191021051458',	'Yes',	'0',	'2019-10-21 11:45:00'),
(25,	8,	11,	4,	14,	'COLTENE COMPONEER PREMIUM KIT',	'22',	'83497',	12,	'1571659112-1.jpg',	'',	'',	'',	'',	NULL,	104023,	0,	5,	'test',	'Yes',	'COLTENE COMPONEER PREMIUM KIT',	'',	'',	'coltene-componeer-premium-kit/20191021052832',	'20191021052832',	'Yes',	'0',	'2019-10-21 11:58:32'),
(26,	8,	11,	4,	10,	'Anabond Stedman',	'23',	'83497',	12,	'1571659244-1.jpg',	'',	'',	'',	'',	NULL,	2840,	0,	5,	'test',	'Yes',	'',	'',	'',	'anabond-stedman/20191021053044',	'20191021053044',	'Yes',	'0',	'2019-10-21 12:00:44'),
(27,	8,	11,	4,	16,	'UNODENT UNOLUX BCS CAPSULE PACK',	'24',	'83497',	12,	'1571659375-1.jpg',	'',	'',	'',	'',	NULL,	2934,	0,	5,	'<div class=\"page-title-wrapper product\" style=\"box-sizing: border-box; color: rgb(79, 79, 79); font-family: &quot;Open Sans&quot;, &quot;Helvetica Neue&quot;, Helvetica, Arial, sans-serif;\">\r\n<h1 class=\"page-title\" style=\"box-sizing: border-box; font-weight: 600; line-height: 1; font-size: 21px !important; margin: 0px 0px 13.5px; font-family: Arial, Helvetica, sans-serif; color: rgb(2, 82, 133); text-transform: uppercase;\">&nbsp;</h1>\r\n</div>\r\n',	'Yes',	'UNODENT UNOLUX BCS CAPSULE PACK',	'',	'',	'unodent-unolux-bcs-capsule-pack/20191021053255',	'20191021053255',	'Yes',	'0',	'2019-10-21 12:02:55'),
(28,	8,	11,	4,	17,	'Kulzer Charisma Smart Kit',	'25',	'83497',	12,	'1571659612-1.jpg',	'',	'',	'',	'',	NULL,	3314,	0,	5,	'<a class=\"product-item-link\" href=\"https://pinkblue.in/heraeus-charisma-smart-combi-set.html\" style=\"box-sizing: border-box; color: rgb(21, 20, 20); font-weight: bold; font-family: Arial; font-size: 12px; text-align: center;\">Kulzer Charisma Smart Kit</a>',	'Yes',	'Kulzer Charisma Smart Kit',	'',	'',	'kulzer-charisma-smart-kit/20191021053652',	'20191021053652',	'Yes',	'0',	'2019-10-21 12:06:52'),
(29,	8,	11,	5,	5,	'SDI Wave Flowable Composite - Refills',	'26',	'83497',	12,	'1571660144-1.jpg',	'',	'',	'',	'',	NULL,	405,	0,	5,	'<a class=\"product-item-link\" href=\"https://pinkblue.in/sdi-wave-flowable-composite-refills.html\" style=\"box-sizing: border-box; color: rgb(21, 20, 20); font-weight: bold; font-family: Arial; font-size: 12px; text-align: center;\">SDI Wave Flowable Composite - Refills</a>',	'Yes',	'',	'',	'',	'sdi-wave-flowable-composite-refills/20191021054544',	'20191021054544',	'Yes',	'0',	'2019-10-21 12:15:44'),
(30,	8,	11,	5,	18,	'Ivoclar Vivadent TE-Econom Flow Refills',	'27',	'83497',	12,	'1571660225-1.jpg',	'',	'',	'',	'',	NULL,	664,	0,	5,	'<a class=\"product-item-link\" href=\"https://pinkblue.in/te-econom-flow-refills.html\" style=\"box-sizing: border-box; color: rgb(21, 20, 20); font-weight: bold; font-family: Arial; font-size: 12px; text-align: center;\">Ivoclar Vivadent TE-Econom Flow Refills</a>',	'Yes',	'Ivoclar Vivadent TE-Econom Flow Refills',	'',	'',	'ivoclar-vivadent-te-econom-flow-refills/20191021054705',	'20191021054705',	'Yes',	'0',	'2019-10-21 12:17:05'),
(31,	8,	11,	5,	4,	'Meta Exfill Flow',	'28',	'83497',	12,	'1571660298-1.jpg',	'',	'',	'',	'',	NULL,	810,	0,	5,	'<a class=\"product-item-link\" href=\"https://pinkblue.in/meta-nexcomp-flow.html\" style=\"box-sizing: border-box; color: rgb(21, 20, 20); font-weight: bold; font-family: Arial; font-size: 12px; text-align: center;\">Meta Exfill Flow</a>',	'Yes',	'Meta Exfill Flow',	'',	'',	'meta-exfill-flow/20191021054818',	'20191021054818',	'Yes',	'0',	'2019-10-21 12:18:18'),
(32,	8,	11,	5,	18,	'Ivoclar Vivadent Tetric N-Flow Refills',	'29',	'83497',	12,	'1571660363-1.jpg',	'',	'',	'',	'',	NULL,	850,	0,	5,	'<a class=\"product-item-link\" href=\"https://pinkblue.in/tetric-n-flow-refills.html\" style=\"box-sizing: border-box; color: rgb(21, 20, 20); font-weight: bold; font-family: Arial; font-size: 12px; text-align: center;\">Ivoclar Vivadent Tetric N-Flow Refills</a>',	'Yes',	'Ivoclar Vivadent Tetric N-Flow Refills',	'',	'',	'ivoclar-vivadent-tetric-n-flow-refills/20191021054923',	'20191021054923',	'Yes',	'0',	'2019-10-21 12:19:23'),
(33,	8,	11,	0,	18,	'Ivoclar Vivadent Tetric N-Ceram Syringe Refills',	'30',	'83497',	12,	'1571660447-1.jpg',	'',	'',	'',	'',	NULL,	971,	0,	5,	'<a class=\"product-item-link\" href=\"https://pinkblue.in/tetric-n-ceram-syringe-refills.html\" style=\"box-sizing: border-box; color: rgb(21, 20, 20); font-weight: bold; font-family: Arial; font-size: 12px; text-align: center;\">Ivoclar Vivadent Tetric N-Ceram Syringe Refills</a>',	'Yes',	'Ivoclar Vivadent Tetric N-Ceram Syringe Refills',	'',	'',	'ivoclar-vivadent-tetric-n-ceram-syringe-refills/20191021055047',	'20191021055047',	'Yes',	'0',	'2019-10-21 12:20:47'),
(34,	8,	11,	0,	14,	'Coltene Whaledent SwissTEC Composite',	'31',	'83497',	12,	'1571660508-1.jpg',	'',	'',	'',	'',	NULL,	592,	0,	5,	'<a class=\"product-item-link\" href=\"https://pinkblue.in/swisstec-composite.html\" style=\"box-sizing: border-box; color: rgb(21, 20, 20); font-weight: bold; font-family: Arial; font-size: 12px; text-align: center;\">Coltene Whaledent SwissTEC Composite</a>',	'Yes',	'Coltene Whaledent SwissTEC Composite',	'',	'',	'coltene-whaledent-swisstec-composite/20191021055148',	'20191021055148',	'Yes',	'0',	'2019-10-21 12:21:48'),
(35,	8,	11,	5,	5,	'SDI Luna',	'32',	'83497',	12,	'1571660569-1.jpg',	'',	'',	'',	'',	NULL,	680,	0,	5,	'<a class=\"product-item-link\" href=\"https://pinkblue.in/sdi-luna.html\" style=\"box-sizing: border-box; color: rgb(21, 20, 20); font-weight: bold; font-family: Arial; font-size: 12px; text-align: center;\">SDI Luna</a>',	'Yes',	'SDI Luna',	'',	'',	'sdi-luna/20191021055249',	'20191021055249',	'Yes',	'0',	'2019-10-21 12:22:49'),
(36,	8,	11,	5,	4,	'Meta Exfill Refill',	'33',	'83497',	12,	'1571660661-1.jpg',	'',	'',	'',	'',	NULL,	537,	0,	5,	'<a class=\"product-item-link\" href=\"https://pinkblue.in/meta-nexcomp-refill.html\" style=\"box-sizing: border-box; color: rgb(21, 20, 20); font-weight: bold; font-family: Arial; font-size: 12px; text-align: center;\">Meta Exfill Refill</a>',	'Yes',	'Meta Exfill Refill',	'',	'',	'meta-exfill-refill/20191021055421',	'20191021055421',	'Yes',	'0',	'2019-10-21 12:24:22'),
(37,	8,	11,	5,	18,	'Ivoclar Vivadent Tetric N-Ceram - Intro Packs',	'34',	'83497',	12,	'1571660849-1.jpg',	'',	'',	'',	'',	NULL,	5587,	0,	5,	'Ivoclar Vivadent Tetric N-Ceram - Intro Packs',	'Yes',	'Ivoclar Vivadent Tetric N-Ceram - Intro Packs',	'',	'',	'ivoclar-vivadent-tetric-n-ceram-intro-packs/20191021055729',	'20191021055729',	'Yes',	'0',	'2019-10-21 12:27:29'),
(38,	8,	11,	5,	18,	'Ivoclar Vivadent Te-Econom Plus Restorative Kit',	'35',	'83497',	12,	'1571660946-1.jpg',	'',	'',	'',	'',	NULL,	2732,	0,	5,	'<a class=\"product-item-link\" href=\"https://pinkblue.in/te-econom-plus-intro-packs.html\" style=\"box-sizing: border-box; color: rgb(21, 20, 20); font-weight: bold; font-family: Arial; font-size: 12px; text-align: center;\">Ivoclar Vivadent Te-Econom Plus Restorative Kit</a>',	'Yes',	'Ivoclar Vivadent Te-Econom Plus Restorative Kit',	'',	'',	'ivoclar-vivadent-te-econom-plus-restorative-kit/20191021055906',	'20191021055906',	'Yes',	'0',	'2019-10-21 12:29:06'),
(39,	8,	11,	5,	18,	'Ivoclar Vivadent TE-Econom Plus Refills',	'36',	'83497',	12,	'1571661045-1.jpg',	'',	'',	'',	'',	NULL,	1176,	0,	5,	'<a class=\"product-item-link\" href=\"https://pinkblue.in/te-econom-plus-refills.html\" style=\"box-sizing: border-box; color: rgb(21, 20, 20); font-weight: bold; font-family: Arial; font-size: 12px; text-align: center;\">Ivoclar Vivadent TE-Econom Plus Refills</a>',	'Yes',	'Ivoclar Vivadent TE-Econom Plus Refills',	'',	'',	'ivoclar-vivadent-te-econom-plus-refills/20191021060045',	'20191021060045',	'Yes',	'0',	'2019-10-21 12:30:45'),
(40,	8,	11,	5,	9,	'Navkar Dental Inatglio Refills',	'37',	'83497',	12,	'1571661154-1.jpg',	'',	'',	'',	'',	NULL,	447,	0,	5,	'<a class=\"product-item-link\" href=\"https://pinkblue.in/navkar-dental-inatglio-refills.html\" style=\"box-sizing: border-box; color: rgb(21, 20, 20); font-weight: bold; font-family: Arial; font-size: 12px; text-align: center;\">Navkar Dental Inatglio Refills</a>',	'Yes',	'Navkar Dental Inatglio Refills',	'',	'',	'navkar-dental-inatglio-refills/20191021060234',	'20191021060234',	'Yes',	'0',	'2019-10-21 12:32:34'),
(41,	8,	11,	5,	9,	'Navkar Dental Tetra Flow',	'38',	'83497',	12,	'1571661209-1.jpg',	'',	'',	'',	'',	NULL,	400,	0,	5,	'<a class=\"product-item-link\" href=\"https://pinkblue.in/navkar-dental-tetra-flow.html\" style=\"box-sizing: border-box; color: rgb(21, 20, 20); font-weight: bold; font-family: Arial; font-size: 12px; text-align: center;\">Navkar Dental Tetra Flow</a>',	'Yes',	'Navkar Dental Tetra Flow',	'',	'',	'navkar-dental-tetra-flow/20191021060329',	'20191021060329',	'Yes',	'0',	'2019-10-21 12:33:29'),
(42,	8,	11,	5,	4,	'Meta Ezfill Kit',	'39',	'83497',	12,	'1571661300-1.jpeg',	'',	'',	'',	'',	NULL,	4278,	0,	5,	'<a class=\"product-item-link\" href=\"https://pinkblue.in/meta-nexcomp-kit.html\" style=\"box-sizing: border-box; color: rgb(21, 20, 20); font-weight: bold; font-family: Arial; font-size: 12px; text-align: center;\">Meta Ezfill Kit</a>',	'Yes',	'Meta Ezfill Kit',	'',	'',	'meta-ezfill-kit/20191021060500',	'20191021060500',	'Yes',	'0',	'2019-10-21 12:35:01'),
(43,	8,	11,	5,	10,	'Anabond Stedman RestoFill Syringe 4gm Refills',	'40',	'83497',	12,	'1571661486-1.jpg',	'',	'',	'',	'',	NULL,	561,	0,	5,	'<a class=\"product-item-link\" href=\"https://pinkblue.in/restofill-syringe-4gm-refills.html\" style=\"box-sizing: border-box; color: rgb(21, 20, 20); outline: 0px; font-weight: bold; font-family: Arial; font-size: 12px; text-align: center;\">Anabond Stedman RestoFill Syringe 4gm Refills</a>',	'Yes',	'Anabond Stedman RestoFill Syringe 4gm Refills',	'',	'',	'anabond-stedman-restofill-syringe-4gm-refills/20191021060806',	'20191021060806',	'Yes',	'0',	'2019-10-21 12:38:06'),
(44,	8,	11,	5,	6,	'Filtek P60 Posterior Restorative',	'41',	'83497',	12,	'1571719687-1.jpg',	'',	'',	'',	'',	NULL,	1511,	0,	5,	'<a class=\"product-item-link\" href=\"https://pinkblue.in/filtek-p60-posterior-restorative.html\" style=\"box-sizing: border-box; color: rgb(21, 20, 20); outline: 0px; font-weight: bold; font-family: Arial; font-size: 12px; text-align: center;\">Filtek P60 Posterior Restorative</a>',	'Yes',	'Filtek P60 Posterior Restorative',	'',	'',	'filtek-p60-posterior-restorative/20191022101807',	'20191022101807',	'Yes',	'0',	'2019-10-22 04:48:08'),
(45,	8,	11,	5,	19,	'GC G-AENIAL UNIVERSAL FLO SYRINGE REFILLS',	'42',	'83497',	12,	'1571721239-1.jpg',	'',	'',	'',	'',	NULL,	3891,	0,	5,	'',	'Yes',	'GC G-AENIAL UNIVERSAL FLO SYRINGE REFILLS',	'',	'',	'gc-g-aenial-universal-flo-syringe-refills/20191022104359',	'20191022104359',	'Yes',	'0',	'2019-10-22 05:14:01'),
(46,	8,	11,	5,	15,	'MEDICEPT DENTAL MATRIX MICROHYBRID COMPOSITE REFILLS',	'43',	'83497',	12,	'1571721509-1.jpg',	'',	'',	'',	'',	NULL,	529,	0,	5,	'MEDICEPT DENTAL MATRIX MICROHYBRID COMPOSITE REFILLS',	'Yes',	'MEDICEPT DENTAL MATRIX MICROHYBRID COMPOSITE REFILLS',	'',	'',	'medicept-dental-matrix-microhybrid-composite-refills/20191022104829',	'20191022104829',	'Yes',	'0',	'2019-10-22 05:18:29'),
(47,	8,	11,	5,	7,	'Tokuyama Estelite Sigma Quick Syringe - Refills',	'44',	'83497',	12,	'1571722074-1.jpg',	'',	'',	'',	'',	NULL,	2500,	0,	5,	'Tokuyama Estelite Sigma Quick Syringe - Refills',	'Yes',	'',	'',	'',	'tokuyama-estelite-sigma-quick-syringe-refills/20191022105754',	'20191022105754',	'Yes',	'0',	'2019-10-22 05:27:54'),
(48,	8,	11,	5,	7,	'Tokuyama Estelite Flow Quick High Flow Syringe - Refills',	'45',	'83497',	12,	'1571722157-1.jpg',	'',	'',	'',	'',	NULL,	1100,	0,	5,	'',	'Yes',	'',	'',	'',	'tokuyama-estelite-flow-quick-high-flow-syringe-refills/20191022105917',	'20191022105917',	'Yes',	'0',	'2019-10-22 05:29:17'),
(49,	8,	11,	5,	4,	'Meta Nexcore',	'46',	'83497',	12,	'1571722245-1.jpeg',	'',	'',	'',	'',	NULL,	2893,	0,	5,	'TEST',	'Yes',	'',	'',	'',	'meta-nexcore/20191022110045',	'20191022110045',	'Yes',	'0',	'2019-10-22 05:30:46'),
(50,	8,	11,	5,	20,	'VOCO POLOFIL NHT SYRINGE REFILLS',	'47',	'83497',	12,	'1571722664-1.jpg',	'',	'',	'',	'',	NULL,	2088,	0,	5,	'',	'Yes',	'',	'',	'',	'voco-polofil-nht-syringe-refills/20191022110744',	'20191022110744',	'Yes',	'0',	'2019-10-22 05:37:44'),
(51,	8,	11,	5,	20,	'VOCO POLOFIL SUPRA SYRINGE REFILLS',	'48',	'83497',	12,	'1571722779-1.jpg',	'',	'',	'',	'',	NULL,	845,	0,	5,	'',	'Yes',	'',	'',	'',	'voco-polofil-supra-syringe-refills/20191022110939',	'20191022110939',	'Yes',	'0',	'2019-10-22 05:39:39'),
(52,	8,	11,	5,	7,	'Tokuyama Estelite Posterior Syringe - Refills',	'49',	'83497',	12,	'1571723118-1.jpg',	'',	'',	'',	'',	NULL,	2055,	0,	5,	'',	'Yes',	'',	'',	'',	'tokuyama-estelite-posterior-syringe-refills/20191022111518',	'20191022111518',	'Yes',	'0',	'2019-10-22 05:45:18'),
(53,	8,	11,	5,	7,	'Tokuyama Palfique LX 5 Syringe Refills',	'50',	'83497',	12,	'1571723229-1.jpg',	'',	'',	'',	'',	NULL,	1950,	0,	5,	'',	'Yes',	'',	'',	'',	'tokuyama-palfique-lx-5-syringe-refills/20191022111709',	'20191022111709',	'Yes',	'0',	'2019-10-22 05:47:10'),
(54,	8,	11,	5,	14,	'Coltene Whaledent Brilliant NG Syringes Refills',	'51',	'83497',	12,	'1571723297-1.jpg',	'',	'',	'',	'',	NULL,	664,	0,	5,	'',	'Yes',	'',	'',	'',	'coltene-whaledent-brilliant-ng-syringes-refills/20191022111817',	'20191022111817',	'Yes',	'0',	'2019-10-22 05:48:17'),
(55,	8,	11,	5,	19,	'GC Solare 4g Syringe',	'52',	'83497',	12,	'1571723406-1.jpg',	'',	'',	'',	'',	NULL,	1246,	0,	5,	'',	'Yes',	'',	'',	'',	'gc-solare-4g-syringe/20191022112006',	'20191022112006',	'Yes',	'0',	'2019-10-22 05:50:06'),
(56,	8,	11,	5,	18,	'Ivoclar Vivadent Tetric EvoFlow Refill 1x2 g Syringe',	'53',	'83497',	12,	'1571723649-1.jpg',	'',	'',	'',	'',	NULL,	2419,	0,	5,	'',	'Yes',	'',	'',	'',	'ivoclar-vivadent-tetric-evoflow-refill-1x2-g-syringe/20191022112409',	'20191022112409',	'Yes',	'0',	'2019-10-22 05:54:09'),
(57,	8,	11,	5,	15,	'Medicept Dental Matrix Microhybrid Composite - Starter Kit',	'54',	'83497',	12,	'1571723930-1.jpg',	'',	'',	'',	'',	NULL,	3092,	0,	5,	'',	'Yes',	'',	'',	'',	'medicept-dental-matrix-microhybrid-composite-starter-kit/20191022112850',	'20191022112850',	'Yes',	'0',	'2019-10-22 05:58:51'),
(58,	8,	11,	5,	6,	'FILTEK Z350 XT FLOWABLE RESTORATIVE - REFILLS',	'55',	'83497',	12,	'1571724116-1.jpg',	'',	'',	'',	'',	NULL,	1926,	0,	5,	'',	'Yes',	'',	'',	'',	'filtek-z350-xt-flowable-restorative-refills/20191022113110',	'20191022113110',	'Yes',	'0',	'2019-10-22 06:01:11'),
(59,	8,	11,	5,	14,	'COLTENE SWISSTEC COMPOSITE BASKET OFFER',	'56',	'83497',	12,	'1571724276-1.jpg',	'',	'',	'',	'',	NULL,	3345,	0,	5,	'',	'Yes',	'',	'',	'',	'coltene-swisstec-composite-basket-offer/20191022113436',	'20191022113436',	'Yes',	'0',	'2019-10-22 06:04:37'),
(60,	8,	11,	5,	7,	'Tokuyama Estelite Flow Quick Syringe - Refills',	'57',	'83497',	12,	'1571724374-1.jpg',	'',	'',	'',	'',	NULL,	900,	0,	5,	'',	'Yes',	'',	'',	'',	'tokuyama-estelite-flow-quick-syringe-refills/20191022113614',	'20191022113614',	'Yes',	'0',	'2019-10-22 06:06:14'),
(61,	8,	11,	5,	21,	'D-TECH COMPOMAX KIT + COMPO FLO',	'58',	'83497',	12,	'1571724877-1.png',	'',	'',	'',	'',	NULL,	2501,	0,	5,	'',	'Yes',	'',	'',	'',	'd-tech-compomax-kit-compo-flo/20191022114437',	'20191022114437',	'Yes',	'0',	'2019-10-22 06:14:38'),
(62,	8,	11,	5,	9,	'Navkar Dental All in One Flow',	'59',	'83497',	12,	'1571725002-1.jpg',	'',	'',	'',	'',	NULL,	1000,	0,	5,	'',	'Yes',	'',	'',	'',	'navkar-dental-all-in-one-flow/20191022114642',	'20191022114642',	'Yes',	'0',	'2019-10-22 06:16:42'),
(63,	8,	11,	5,	19,	'GC Solare X',	'60',	'83497',	12,	'1571725103-1.jpg',	'',	'',	'',	'',	NULL,	1174,	0,	5,	'',	'Yes',	'',	'',	'',	'gc-solare-x/20191022114823',	'20191022114823',	'Yes',	'0',	'2019-10-22 06:18:23'),
(64,	8,	11,	5,	13,	'DENTSPLY SDR FLOWABLE BULK - REFILL OF 15 WITH GUN',	'61',	'83497',	12,	'1571725250-1.jpg',	'',	'',	'',	'',	NULL,	4467,	0,	5,	'',	'Yes',	'',	'',	'',	'dentsply-sdr-flowable-bulk-refill-of-15-with-gun/20191022115050',	'20191022115050',	'Yes',	'0',	'2019-10-22 06:20:50'),
(65,	8,	11,	5,	6,	'FILTEK Z350 XT UNIVERSAL RESTORATIVE SYRINGE - REFILLS',	'62',	'83497',	12,	'1571725363-1.jpg',	'',	'',	'',	'',	NULL,	2111,	0,	5,	'',	'Yes',	'',	'',	'',	'filtek-z350-xt-universal-restorative-syringe-refills/20191022115243',	'20191022115243',	'Yes',	'0',	'2019-10-22 06:22:43'),
(66,	8,	11,	5,	6,	'3M ESPE Valux Plus Universal Restorative - Refills',	'63',	'83497',	12,	'1571725586-1.jpg',	'',	'',	'',	'',	NULL,	695,	0,	5,	'',	'Yes',	'',	'',	'',	'3m-espe-valux-plus-universal-restorative-refills/20191022115626',	'20191022115626',	'Yes',	'0',	'2019-10-22 06:26:27'),
(67,	8,	11,	5,	6,	'3M ESPE Valux Plus Universal Restorative - Refills',	'63',	'83497',	12,	'1571725587-1.jpg',	'',	'',	'',	'',	NULL,	695,	0,	5,	'',	'Yes',	'',	'',	'',	'3m-espe-valux-plus-universal-restorative-refills/20191022115627',	'20191022115627',	'Yes',	'0',	'2019-10-22 06:26:27'),
(68,	8,	11,	5,	22,	'SYBRON ENDO SUPER-COR',	'64',	'83497',	12,	'1571725901-1.jpg',	'',	'',	'',	'',	NULL,	605,	0,	5,	'',	'Yes',	'',	'',	'',	'sybron-endo-super-cor/20191022120141',	'20191022120141',	'Yes',	'0',	'2019-10-22 06:31:42'),
(69,	8,	11,	5,	15,	'Medicept Dental Flash Nanohybrid Composite Refills',	'65',	'83497',	12,	'1571726034-1.jpg',	'',	'',	'',	'',	NULL,	724,	0,	5,	'',	'Yes',	'',	'',	'',	'medicept-dental-flash-nanohybrid-composite-refills/20191022120354',	'20191022120354',	'Yes',	'0',	'2019-10-22 06:33:54'),
(70,	8,	11,	5,	15,	'Medicept Dental Flash Nanohybrid Composite Refills',	'65',	'83497',	12,	'1571726035-1.jpg',	'',	'',	'',	'',	NULL,	724,	0,	5,	'',	'Yes',	'',	'',	'',	'medicept-dental-flash-nanohybrid-composite-refills/20191022120355',	'20191022120355',	'Yes',	'0',	'2019-10-22 06:33:55'),
(71,	8,	11,	5,	8,	'PREVEST DENPRO FUSION FLO',	'66',	'83497',	12,	'1571726283-1.jpg',	'',	'',	'',	'',	NULL,	625,	0,	5,	'',	'Yes',	'',	'',	'',	'prevest-denpro-fusion-flo/20191022120803',	'20191022120803',	'Yes',	'0',	'2019-10-22 06:38:03'),
(72,	8,	11,	5,	7,	'Tokuyama Estelite Alpha Syringe - Refills',	'67',	'83497',	12,	'1571726456-1.jpg',	'',	'',	'',	'',	NULL,	1285,	0,	5,	'',	'Yes',	'',	'',	'',	'tokuyama-estelite-alpha-syringe-refills/20191022121056',	'20191022121056',	'Yes',	'0',	'2019-10-22 06:40:56'),
(73,	8,	11,	5,	17,	'Kulzer Charisma Smart Syringe Refill',	'68',	'83497',	12,	'1571726535-1.jpg',	'',	'',	'',	'',	NULL,	762,	0,	5,	'',	'Yes',	'',	'',	'',	'kulzer-charisma-smart-syringe-refill/20191022121215',	'20191022121215',	'Yes',	'0',	'2019-10-22 06:42:16'),
(74,	8,	11,	5,	20,	'Voco Arabesk Flow Syringe Refills',	'69',	'83497',	12,	'1571726659-1.jpg',	'',	'',	'',	'',	NULL,	2700,	0,	5,	'',	'Yes',	'',	'',	'',	'voco-arabesk-flow-syringe-refills/20191022121419',	'20191022121419',	'Yes',	'0',	'2019-10-22 06:44:20'),
(75,	8,	11,	5,	20,	'Voco Polofil NHT Flow Syringe Refills',	'70',	'83497',	12,	'1571726742-1.jpg',	'',	'',	'',	'',	NULL,	878,	0,	5,	'',	'Yes',	'',	'',	'',	'voco-polofil-nht-flow-syringe-refills/20191022121542',	'20191022121542',	'Yes',	'0',	'2019-10-22 06:45:42'),
(76,	8,	11,	5,	23,	'KERR REVOLUTION FORMULA 2',	'71',	'83497',	12,	'1571726969-1.jpg',	'',	'',	'',	'',	NULL,	809,	0,	5,	'',	'Yes',	'',	'',	'',	'kerr-revolution-formula-2/20191022121929',	'20191022121929',	'Yes',	'0',	'2019-10-22 06:49:30'),
(77,	8,	11,	5,	17,	'Kulzer Charisma Classic Syringe Refill',	'72',	'83497',	12,	'1571727058-1.jpeg',	'',	'',	'',	'',	NULL,	1211,	0,	5,	'',	'Yes',	'',	'',	'',	'kulzer-charisma-classic-syringe-refill/20191022122058',	'20191022122058',	'Yes',	'0',	'2019-10-22 06:50:58'),
(78,	8,	11,	5,	15,	'Medicept Dental Flow Plus',	'73',	'83497',	12,	'1571727157-1.jpg',	'',	'',	'',	'',	NULL,	529,	0,	5,	'',	'Yes',	'',	'',	'',	'medicept-dental-flow-plus/20191022122237',	'20191022122237',	'Yes',	'0',	'2019-10-22 06:52:37'),
(79,	8,	11,	5,	24,	'AMMDENT NANO FILL HYBRID COMPOSITE REFILLS',	'74',	'83497',	12,	'1571727593-1.jpg',	'',	'',	'',	'',	NULL,	550,	0,	5,	'',	'Yes',	'',	'',	'',	'ammdent-nano-fill-hybrid-composite-refills/20191022122953',	'20191022122953',	'Yes',	'0',	'2019-10-22 06:59:53'),
(80,	8,	11,	5,	18,	'Ivoclar Vivadent Tetric N-Ceram Bulk Fill Syringe Refills',	'75',	'83497',	12,	'1571727967-1.jpg',	'',	'',	'',	'',	NULL,	797,	0,	5,	'',	'Yes',	'',	'',	'',	'ivoclar-vivadent-tetric-n-ceram-bulk-fill-syringe-refills/20191022123607',	'20191022123607',	'Yes',	'0',	'2019-10-22 07:06:08'),
(81,	8,	11,	5,	17,	'Kulzer Charisma Flow Syringe Refill',	'76',	'83497',	12,	'1571728043-1.jpg',	'',	'',	'',	'',	NULL,	705,	0,	5,	'',	'Yes',	'',	'',	'',	'kulzer-charisma-flow-syringe-refill/20191022123723',	'20191022123723',	'Yes',	'0',	'2019-10-22 07:07:24'),
(82,	8,	11,	0,	18,	'Ivoclar Vivadent Tetric N-Ceram Bulk Fill Cavifil Refills',	'77',	'83497',	12,	'1571728125-1.jpg',	'',	'',	'',	'',	NULL,	797,	0,	5,	'',	'Yes',	'',	'',	'',	'ivoclar-vivadent-tetric-n-ceram-bulk-fill-cavifil-refills/20191022123845',	'20191022123845',	'Yes',	'0',	'2019-10-22 07:08:45'),
(83,	8,	11,	5,	25,	'UNODENT LALIT FLOW REFILLS',	'78',	'83497',	12,	'1571728517-1.jpg',	'',	'',	'',	'',	NULL,	1279,	0,	5,	'',	'Yes',	'',	'',	'',	'unodent-lalit-flow-refills/20191022124517',	'20191022124517',	'Yes',	'0',	'2019-10-22 07:15:18'),
(84,	8,	11,	5,	25,	'Unodent Latitude Refills',	'79',	'83497',	12,	'1571728636-1.jpg',	'',	'',	'',	'',	NULL,	2182,	0,	5,	'',	'Yes',	'',	'',	'',	'unodent-latitude-refills/20191022124716',	'20191022124716',	'Yes',	'0',	'2019-10-22 07:17:16'),
(85,	8,	11,	5,	25,	'Unodent Latitude Compules Refills',	'80',	'83497',	121806,	'1571728757-1.jpg',	'',	'',	'',	'',	NULL,	1806,	0,	5,	'',	'Yes',	'',	'',	'',	'unodent-latitude-compules-refills/20191022124917',	'20191022124917',	'Yes',	'0',	'2019-10-22 07:19:17'),
(86,	8,	11,	5,	25,	'Unodent Compomer LC Capsules Refills',	'81',	'83497',	12,	'1571728904-1.jpg',	'',	'',	'',	'',	NULL,	1655,	0,	5,	'',	'Yes',	'',	'',	'',	'unodent-compomer-lc-capsules-refills/20191022125144',	'20191022125144',	'Yes',	'0',	'2019-10-22 07:21:44'),
(87,	8,	11,	5,	25,	'Unodent Nano Ceramic LC Refills',	'82',	'83497',	12,	'1571728978-1.jpg',	'',	'',	'',	'',	NULL,	1543,	0,	5,	'',	'Yes',	'',	'',	'',	'unodent-nano-ceramic-lc-refills/20191022125258',	'20191022125258',	'Yes',	'0',	'2019-10-22 07:22:59'),
(88,	8,	11,	5,	25,	'Unodent Nano Ceramic LC Capsule Refills',	'83',	'83497',	12,	'1571729058-1.jpg',	'',	'',	'',	'',	NULL,	1655,	0,	5,	'',	'Yes',	'',	'',	'',	'unodent-nano-ceramic-lc-capsule-refills/20191022125418',	'20191022125418',	'Yes',	'0',	'2019-10-22 07:24:19'),
(89,	8,	11,	5,	25,	'Unodent Nano Ceramic LC Flow Refills',	'84',	'83497',	12,	'1571729141-1.jpg',	'',	'',	'',	'',	NULL,	1655,	0,	5,	'',	'Yes',	'',	'',	'',	'unodent-nano-ceramic-lc-flow-refills/20191022125541',	'20191022125541',	'Yes',	'0',	'2019-10-22 07:25:41'),
(90,	8,	11,	5,	26,	'DENTAL AVENUE AVUE NANO CORE DUAL ( 2 SYRINGE X 5 ML)',	'85',	'83497',	12,	'1571729576-1.jpg',	'',	'',	'',	'',	NULL,	3718,	0,	5,	'',	'Yes',	'',	'',	'',	'dental-avenue-avue-nano-core-dual-2-syringe-x-5-ml/20191022010256',	'20191022010256',	'Yes',	'0',	'2019-10-22 07:32:56'),
(91,	8,	11,	5,	27,	'Itena Reflectys Universal Light Cured Nano Hybrid Composite',	'86',	'83497',	12,	'1571729825-1.jpg',	'',	'',	'',	'',	NULL,	1009,	0,	5,	'',	'Yes',	'',	'',	'',	'itena-reflectys-universal-light-cured-nano-hybrid-composite/20191022010614',	'20191022010614',	'Yes',	'0',	'2019-10-22 07:36:14'),
(92,	8,	11,	5,	21,	'D-TECH COMPOMAX KIT',	'87',	'83497',	12,	'1571729955-1.jpg',	'',	'',	'',	'',	NULL,	2493,	0,	5,	'',	'Yes',	'',	'',	'',	'd-tech-compomax-kit/20191022010915',	'20191022010915',	'Yes',	'0',	'2019-10-22 07:39:15'),
(93,	8,	11,	5,	10,	'ANABOND RESTOFILL N FLO',	'89',	'83497',	12,	'1571730071-1.png',	'',	'',	'',	'',	NULL,	1209,	0,	5,	'',	'Yes',	'',	'',	'',	'anabond-restofill-n-flo/20191022011111',	'20191022011111',	'Yes',	'0',	'2019-10-22 07:41:12'),
(94,	8,	11,	5,	10,	'Anabond RestoFill Kit',	'90',	'83497',	12,	'1571730176-1.jpg',	'',	'',	'',	'',	NULL,	4510,	0,	5,	'',	'Yes',	'',	'',	'',	'anabond-restofill-kit/20191022011256',	'20191022011256',	'Yes',	'0',	'2019-10-22 07:42:56'),
(95,	8,	11,	5,	8,	'PREVEST DENPRO FUSION UNIVERSAL COMPOSITE',	'88',	'83497',	12,	'1571732750-1.jpg',	'',	'',	'',	'',	NULL,	541,	0,	5,	'',	'Yes',	'',	'',	'',	'prevest-denpro-fusion-universal-composite/20191022015550',	'20191022015550',	'Yes',	'0',	'2019-10-22 08:25:51'),
(96,	8,	11,	5,	8,	'Prevest Denpro Magma NT Refills Shade A1 (Art.20001)	',	'91',	'83497',	12,	'1571733047-1.jpg',	'',	'',	'',	'',	NULL,	621,	0,	5,	'',	'Yes',	'',	'',	'',	'prevest-denpro-magma-nt-refills-shade-a1-art-20001-	/20191022020047',	'20191022020047',	'Yes',	'0',	'2019-10-22 08:30:47'),
(97,	8,	11,	5,	8,	'Prevest Denpro Magma NT Refills Shade A2 (Art.20001)	',	'92',	'83497',	12,	'1571733218-1.jpg',	'',	'',	'',	'',	NULL,	621,	0,	5,	'',	'Yes',	'',	'',	'',	'prevest-denpro-magma-nt-refills-shade-a2-art-20001-	/20191022020338',	'20191022020338',	'Yes',	'0',	'2019-10-22 08:33:39'),
(98,	8,	11,	5,	8,	'Prevest Denpro Magma NT Refills Shade A3 (Art.20001)	',	'93',	'83497',	12,	'1571733318-1.jpg',	'',	'',	'',	'',	NULL,	621,	0,	5,	'',	'Yes',	'',	'',	'',	'prevest-denpro-magma-nt-refills-shade-a3-art-20001-	/20191022020518',	'20191022020518',	'Yes',	'0',	'2019-10-22 08:35:18'),
(99,	8,	11,	5,	8,	'Prevest Denpro Magma NT Refills Shade A3.5 (Art.20001)	',	'94',	'83497',	12,	'1571733425-1.jpg',	'',	'',	'',	'',	NULL,	621,	0,	5,	'',	'Yes',	'',	'',	'',	'prevest-denpro-magma-nt-refills-shade-a3-5-art-20001-	/20191022020705',	'20191022020705',	'Yes',	'0',	'2019-10-22 08:37:06'),
(100,	8,	11,	5,	8,	'Prevest Denpro Magma NT Refills Shade A4 (Art.20001)	',	'95',	'83497',	12,	'1571733519-1.jpg',	'',	'',	'',	'',	NULL,	621,	0,	5,	'',	'Yes',	'',	'',	'',	'prevest-denpro-magma-nt-refills-shade-a4-art-20001-	/20191022020839',	'20191022020839',	'Yes',	'0',	'2019-10-22 08:38:40'),
(101,	8,	11,	5,	8,	'Prevest Denpro Magma NT Refills Shade B1 (Art.20001)	',	'96',	'83497',	12,	'1571733600-1.jpg',	'',	'',	'',	'',	NULL,	621,	0,	5,	'',	'Yes',	'',	'',	'',	'prevest-denpro-magma-nt-refills-shade-b1-art-20001-	/20191022021000',	'20191022021000',	'Yes',	'0',	'2019-10-22 08:40:01'),
(102,	8,	11,	5,	8,	'Prevest Denpro Magma NT Refills Shade B2 (Art.20001)	',	'97',	'83497',	12,	'1571733659-1.jpg',	'',	'',	'',	'',	NULL,	621,	0,	5,	'',	'Yes',	'',	'',	'',	'prevest-denpro-magma-nt-refills-shade-b2-art-20001-	/20191022021059',	'20191022021059',	'Yes',	'0',	'2019-10-22 08:40:59'),
(103,	8,	11,	5,	8,	'Prevest Denpro Magma NT Refills Shade B3 (Art.20001)	',	'98',	'83497',	12,	'1571733770-1.jpg',	'',	'',	'',	'',	NULL,	621,	0,	5,	'',	'Yes',	'',	'',	'',	'prevest-denpro-magma-nt-refills-shade-b3-art-20001-	/20191022021250',	'20191022021250',	'Yes',	'0',	'2019-10-22 08:42:51'),
(104,	8,	11,	5,	8,	'Prevest Denpro Magma NT Refills Shade C1 (Art.20001)	',	'99',	'83497',	12,	'1571733944-1.jpg',	'',	'',	'',	'',	NULL,	621,	0,	5,	'',	'Yes',	'',	'',	'',	'prevest-denpro-magma-nt-refills-shade-c1-art-20001-	/20191022021544',	'20191022021544',	'Yes',	'0',	'2019-10-22 08:45:45'),
(105,	8,	11,	5,	8,	'Prevest Denpro Magma NT Refills Shade C2 (Art.20001)	',	'100',	'83497',	12,	'1571734025-1.jpg',	'',	'',	'',	'',	NULL,	621,	0,	5,	'',	'Yes',	'',	'',	'',	'prevest-denpro-magma-nt-refills-shade-c2-art-20001-	/20191022021705',	'20191022021705',	'Yes',	'0',	'2019-10-22 08:47:05'),
(106,	8,	11,	5,	8,	'Prevest Denpro Magma NT Refills Shade C3 (Art.20001)	',	'101',	'83497',	12,	'1571734095-1.jpg',	'',	'',	'',	'',	NULL,	621,	0,	5,	'',	'Yes',	'',	'',	'',	'prevest-denpro-magma-nt-refills-shade-c3-art-20001-	/20191022021815',	'20191022021815',	'Yes',	'0',	'2019-10-22 08:48:15'),
(107,	8,	11,	5,	8,	'Prevest Denpro Magma NT Refills Shade D1 (Art.20001)	',	'102',	'83497',	12,	'1571734166-1.jpg',	'',	'',	'',	'',	NULL,	621,	0,	5,	'',	'Yes',	'',	'',	'',	'prevest-denpro-magma-nt-refills-shade-d1-art-20001-	/20191022021926',	'20191022021926',	'Yes',	'0',	'2019-10-22 08:49:26'),
(108,	8,	11,	5,	8,	'Prevest Denpro Magma NT Refills Shade D2 (Art.20001)	',	'103',	'83497',	12,	'1571734228-1.jpg',	'',	'',	'',	'',	NULL,	621,	0,	5,	'',	'Yes',	'',	'',	'',	'prevest-denpro-magma-nt-refills-shade-d2-art-20001-	/20191022022028',	'20191022022028',	'Yes',	'0',	'2019-10-22 08:50:28'),
(109,	8,	11,	5,	8,	'Prevest Denpro Magma NT Refills Shade Incisal (Art.20001)	',	'104',	'83497',	12,	'1571804451-1.jpg',	'',	'',	'',	'',	NULL,	621,	0,	5,	'',	'Yes',	'',	'',	'',	'prevest-denpro-magma-nt-refills-shade-incisal-art-20001-	/20191023095051',	'20191023095051',	'Yes',	'0',	'2019-10-23 04:20:51'),
(110,	8,	11,	5,	8,	'Prevest Denpro Magma NT Refills Shade OA1 (Art.20001)	',	'105',	'83497',	12,	'1571804505-1.jpg',	'',	'',	'',	'',	NULL,	621,	0,	5,	'',	'Yes',	'',	'',	'',	'prevest-denpro-magma-nt-refills-shade-oa1-art-20001-	/20191023095145',	'20191023095145',	'Yes',	'0',	'2019-10-23 04:21:46'),
(111,	8,	11,	5,	8,	'Prevest Denpro Magma NT Refills Shade OA2 (Art.20001)	',	'106',	'83497',	12,	'1571804602-1.jpg',	'',	'',	'',	'',	NULL,	621,	0,	5,	'',	'Yes',	'',	'',	'',	'prevest-denpro-magma-nt-refills-shade-oa2-art-20001-	/20191023095322',	'20191023095322',	'Yes',	'0',	'2019-10-23 04:23:23'),
(112,	8,	11,	5,	8,	'Prevest Denpro Magma NT Refills Shade OA3 (Art.20001)	',	'107',	'83497',	12,	'1571804659-1.jpg',	'',	'',	'',	'',	NULL,	621,	0,	5,	'',	'Yes',	'',	'',	'',	'prevest-denpro-magma-nt-refills-shade-oa3-art-20001-	/20191023095419',	'20191023095419',	'Yes',	'0',	'2019-10-23 04:24:20'),
(113,	8,	11,	5,	8,	'Prevest Denpro Magma NT Refills Shade BL (Art.20001)	',	'108',	'83497',	12,	'1571804703-1.jpg',	'',	'',	'',	'',	NULL,	621,	0,	5,	'',	'Yes',	'',	'',	'',	'prevest-denpro-magma-nt-refills-shade-bl-art-20001-	/20191023095503',	'20191023095503',	'Yes',	'0',	'2019-10-23 04:25:04'),
(114,	8,	11,	5,	8,	'Prevest Denpro Magma NT Refills Shade Gingival G1 (Art.20001)	',	'109',	'83497',	12,	'1571804753-1.jpg',	'',	'',	'',	'',	NULL,	621,	0,	5,	'',	'Yes',	'',	'',	'',	'prevest-denpro-magma-nt-refills-shade-gingival-g1-art-20001-	/20191023095553',	'20191023095553',	'Yes',	'0',	'2019-10-23 04:25:53'),
(115,	8,	11,	5,	8,	'Prevest Denpro Magma NT Refills Shade Gingival G2 (Art.20001)	',	'110',	'83497',	12,	'1571804796-1.jpg',	'',	'',	'',	'',	NULL,	621,	0,	5,	'',	'Yes',	'',	'',	'',	'prevest-denpro-magma-nt-refills-shade-gingival-g2-art-20001-	/20191023095636',	'20191023095636',	'Yes',	'0',	'2019-10-23 04:26:37'),
(116,	8,	11,	5,	8,	'Prevest Denpro Magma NT Refills Shade Gingival G3 (Art.20001)	',	'111',	'83497',	12,	'1571804833-1.jpg',	'',	'',	'',	'',	NULL,	621,	0,	5,	'',	'Yes',	'',	'',	'',	'prevest-denpro-magma-nt-refills-shade-gingival-g3-art-20001-	/20191023095713',	'20191023095713',	'Yes',	'0',	'2019-10-23 04:27:14'),
(117,	8,	11,	5,	8,	'Prevest Denpro Magma NT Refills Shade Gingival G4 (Art.20001)	',	'112',	'83497',	12,	'1571804898-1.jpg',	'',	'',	'',	'',	NULL,	621,	0,	5,	'',	'Yes',	'',	'',	'',	'prevest-denpro-magma-nt-refills-shade-gingival-g4-art-20001-	/20191023095818',	'20191023095818',	'Yes',	'0',	'2019-10-23 04:28:19'),
(118,	8,	11,	5,	8,	'Prevest Denpro Magma NT Master Kit (Art.30001)	',	'113',	'83497',	12,	'1571804958-1.jpg',	'',	'',	'',	'',	NULL,	4361,	0,	5,	'',	'Yes',	'',	'',	'',	'prevest-denpro-magma-nt-master-kit-art-30001-	/20191023095918',	'20191023095918',	'Yes',	'0',	'2019-10-23 04:29:19'),
(119,	8,	11,	5,	28,	'Nexobio T Com Kit Shade A1	',	'114',	'83497',	12,	'1571805334-1.jpg',	'',	'',	'',	'',	NULL,	2976,	0,	5,	'',	'Yes',	'',	'',	'',	'nexobio-t-com-kit-shade-a1	/20191023100534',	'20191023100534',	'Yes',	'0',	'2019-10-23 04:35:34'),
(120,	8,	11,	5,	28,	'Nexobio T Com Kit Shade A2',	'115',	'83497',	12,	'1571805420-1.jpg',	'',	'',	'',	'',	NULL,	2976,	0,	5,	'',	'Yes',	'',	'',	'',	'nexobio-t-com-kit-shade-a2/20191023100700',	'20191023100700',	'Yes',	'0',	'2019-10-23 04:37:00'),
(121,	8,	11,	5,	28,	'Nexobio T Com Kit Shade A3	',	'116',	'83497',	12,	'1571805475-1.jpg',	'',	'',	'',	'',	NULL,	2976,	0,	5,	'',	'Yes',	'',	'',	'',	'nexobio-t-com-kit-shade-a3	/20191023100755',	'20191023100755',	'Yes',	'0',	'2019-10-23 04:37:55'),
(122,	8,	11,	5,	28,	'Nexobio T Com Kit Shade A3.5	',	'117',	'83497',	12,	'1571805531-1.jpg',	'',	'',	'',	'',	NULL,	2976,	0,	5,	'',	'Yes',	'',	'',	'',	'nexobio-t-com-kit-shade-a3-5	/20191023100851',	'20191023100851',	'Yes',	'0',	'2019-10-23 04:38:51'),
(123,	8,	11,	5,	28,	'Nexobio T Com Kit Shade B2	',	'118',	'83497',	12,	'1571805621-1.jpg',	'',	'',	'',	'',	NULL,	2976,	0,	5,	'',	'Yes',	'',	'',	'',	'nexobio-t-com-kit-shade-b2	/20191023101021',	'20191023101021',	'Yes',	'0',	'2019-10-23 04:40:21'),
(124,	8,	11,	5,	28,	'Nexobio T Com Flow Kit Shade A2	',	'119',	'83497',	12,	'1571805889-1.jpg',	'',	'',	'',	'',	NULL,	2670,	0,	5,	'',	'Yes',	'',	'',	'',	'nexobio-t-com-flow-kit-shade-a2	/20191023101449',	'20191023101449',	'Yes',	'0',	'2019-10-23 04:44:49'),
(125,	8,	11,	5,	28,	'Nexobio T Com Flow Kit Shade A1	',	'120',	'83497',	12,	'1571805964-1.jpg',	'',	'',	'',	'',	NULL,	2670,	0,	5,	'',	'Yes',	'',	'',	'',	'nexobio-t-com-flow-kit-shade-a1	/20191023101604',	'20191023101604',	'Yes',	'0',	'2019-10-23 04:46:04'),
(126,	8,	11,	5,	28,	'Nexobio T Com Flow Kit Shade A3	',	'121',	'83497',	12,	'1571806068-1.jpg',	'',	'',	'',	'',	NULL,	2670,	0,	5,	'',	'Yes',	'',	'',	'',	'nexobio-t-com-flow-kit-shade-a3	/20191023101748',	'20191023101748',	'Yes',	'0',	'2019-10-23 04:47:49'),
(127,	8,	11,	5,	28,	'Nexobio T Com Flow Kit Shade A3.5	',	'122',	'83497',	12,	'1571806114-1.jpg',	'',	'',	'',	'',	NULL,	2670,	0,	5,	'',	'Yes',	'',	'',	'',	'nexobio-t-com-flow-kit-shade-a3-5	/20191023101834',	'20191023101834',	'Yes',	'0',	'2019-10-23 04:48:34'),
(128,	8,	11,	5,	28,	'Nexobio T Com Flow Kit Shade B2	',	'123',	'83497',	12,	'1571806173-1.jpg',	'',	'',	'',	'',	NULL,	2670,	0,	5,	'',	'Yes',	'',	'',	'',	'nexobio-t-com-flow-kit-shade-b2	/20191023101933',	'20191023101933',	'Yes',	'0',	'2019-10-23 04:49:34'),
(129,	8,	11,	5,	28,	'Nexobio T Com Flow Kit Shade A2E',	'124',	'83497',	12,	'1571806233-1.jpg',	'',	'',	'',	'',	NULL,	2670,	0,	5,	'',	'Yes',	'',	'',	'',	'nexobio-t-com-flow-kit-shade-a2e/20191023102033',	'20191023102033',	'Yes',	'0',	'2019-10-23 04:50:33'),
(130,	8,	11,	5,	11,	'Pulpdent Activa Restorative Starter Kit	',	'125',	'83497',	12,	'1571806352-1.jpg',	'',	'',	'',	'',	NULL,	14499,	0,	5,	'',	'Yes',	'',	'',	'',	'pulpdent-activa-restorative-starter-kit	/20191023102232',	'20191023102232',	'Yes',	'0',	'2019-10-23 04:52:32'),
(131,	8,	11,	5,	11,	'Pulpdent Activa Restorative Refill	',	'126',	'83497',	12,	'1571806426-1.jpg',	'',	'',	'',	'',	NULL,	19000,	0,	5,	'',	'Yes',	'',	'',	'',	'pulpdent-activa-restorative-refill	/20191023102346',	'20191023102346',	'Yes',	'0',	'2019-10-23 04:53:46'),
(132,	8,	11,	5,	11,	'Pulpdent Activa Restorative Single Refill	',	'127',	'83497',	12,	'1571807236-1.jpg',	'',	'',	'',	'',	NULL,	9500,	0,	5,	'',	'Yes',	'',	'',	'',	'pulpdent-activa-restorative-single-refill	/20191023103716',	'20191023103716',	'Yes',	'0',	'2019-10-23 05:07:16'),
(133,	8,	11,	5,	29,	'Sun Medical Metafil Flo Shade A1	',	'128',	'83497',	12,	'1571807477-1.jpg',	'',	'',	'',	'',	NULL,	1400,	0,	5,	'',	'Yes',	'',	'',	'',	'sun-medical-metafil-flo-shade-a1	/20191023104117',	'20191023104117',	'Yes',	'0',	'2019-10-23 05:11:17'),
(134,	8,	11,	5,	29,	'Sun Medical Metafil Flo Shade A2	',	'129',	'83497',	12,	'1571807545-1.jpg',	'',	'',	'',	'',	NULL,	1400,	0,	5,	'',	'Yes',	'',	'',	'',	'sun-medical-metafil-flo-shade-a2	/20191023104225',	'20191023104225',	'Yes',	'0',	'2019-10-23 05:12:25'),
(135,	8,	11,	5,	29,	'Sun Medical Metafil Flo Shade A3	',	'130',	'83497',	12,	'1571807616-1.jpg',	'',	'',	'',	'',	NULL,	1400,	0,	5,	'',	'Yes',	'',	'',	'',	'sun-medical-metafil-flo-shade-a3	/20191023104336',	'20191023104336',	'Yes',	'0',	'2019-10-23 05:13:37'),
(136,	8,	11,	5,	29,	'Sun Medical Metafil Flo Shade A3.5	',	'131',	'83497',	12,	'1571807663-1.jpg',	'',	'',	'',	'',	NULL,	1400,	0,	5,	'',	'Yes',	'',	'',	'',	'sun-medical-metafil-flo-shade-a3-5	/20191023104423',	'20191023104423',	'Yes',	'0',	'2019-10-23 05:14:24'),
(137,	8,	11,	5,	29,	'Sun Medical Metafil Flo Shade B2	',	'132',	'83497',	12,	'1571807713-1.jpg',	'',	'',	'',	'',	NULL,	1400,	0,	5,	'',	'Yes',	'',	'',	'',	'sun-medical-metafil-flo-shade-b2	/20191023104513',	'20191023104513',	'Yes',	'0',	'2019-10-23 05:15:13'),
(138,	8,	11,	5,	29,	'Sun Medical Metafil CX Shade A1	',	'133',	'83497',	12,	'1571808155-1.jpg',	'',	'',	'',	'',	NULL,	1400,	0,	5,	'',	'Yes',	'',	'',	'',	'sun-medical-metafil-cx-shade-a1	/20191023105235',	'20191023105235',	'Yes',	'0',	'2019-10-23 05:22:36'),
(139,	8,	11,	5,	29,	'Sun Medical Metafil CX Shade A2	',	'134',	'83497',	12,	'1571808218-1.jpg',	'',	'',	'',	'',	NULL,	1400,	0,	5,	'',	'Yes',	'',	'',	'',	'sun-medical-metafil-cx-shade-a2	/20191023105338',	'20191023105338',	'Yes',	'0',	'2019-10-23 05:23:39'),
(140,	8,	11,	5,	29,	'Sun Medical Metafil CX Shade A3	',	'135',	'83497',	12,	'1571808279-1.jpg',	'',	'',	'',	'',	NULL,	1400,	0,	5,	'',	'Yes',	'',	'',	'',	'sun-medical-metafil-cx-shade-a3	/20191023105439',	'20191023105439',	'Yes',	'0',	'2019-10-23 05:24:39'),
(141,	8,	11,	5,	29,	'Sun Medical Metafil CX Shade A3	',	'135',	'83497',	12,	'1571808280-1.jpg',	'',	'',	'',	'',	NULL,	1400,	0,	5,	'',	'Yes',	'',	'',	'',	'sun-medical-metafil-cx-shade-a3	/20191023105440',	'20191023105440',	'Yes',	'0',	'2019-10-23 05:24:40'),
(142,	8,	11,	5,	29,	'Sun Medical Metafil CX Shade A3.5	',	'136',	'83497',	12,	'1571808352-1.jpg',	'',	'',	'',	'',	NULL,	1400,	0,	5,	'',	'Yes',	'',	'',	'',	'sun-medical-metafil-cx-shade-a3-5	/20191023105552',	'20191023105552',	'Yes',	'0',	'2019-10-23 05:25:52'),
(143,	8,	11,	5,	29,	'Sun Medical Metafil CX Shade A4	',	'137',	'83497',	12,	'1571808422-1.jpg',	'',	'',	'',	'',	NULL,	1400,	0,	5,	'',	'Yes',	'',	'',	'',	'sun-medical-metafil-cx-shade-a4	/20191023105702',	'20191023105702',	'Yes',	'0',	'2019-10-23 05:27:02'),
(144,	8,	11,	5,	29,	'Sun Medical Metafil CX Shade B2	',	'138',	'83497',	12,	'1571808475-1.jpg',	'',	'',	'',	'',	NULL,	1400,	0,	5,	'',	'Yes',	'',	'',	'',	'sun-medical-metafil-cx-shade-b2	/20191023105755',	'20191023105755',	'Yes',	'0',	'2019-10-23 05:27:55'),
(145,	8,	11,	5,	29,	'Sun Medical Metafil CX Shade C2	',	'139',	'83497',	12,	'1571808523-1.jpg',	'',	'',	'',	'',	NULL,	1400,	0,	5,	'',	'Yes',	'',	'',	'',	'sun-medical-metafil-cx-shade-c2	/20191023105843',	'20191023105843',	'Yes',	'0',	'2019-10-23 05:28:43'),
(146,	8,	11,	5,	29,	'Sun Medical Metafil CX Shade C3	',	'140',	'83497',	12,	'1571808608-1.jpg',	'',	'',	'',	'',	NULL,	1400,	0,	5,	'',	'Yes',	'',	'',	'',	'sun-medical-metafil-cx-shade-c3	/20191023110008',	'20191023110008',	'Yes',	'0',	'2019-10-23 05:30:08'),
(147,	8,	11,	5,	29,	'Sun Medical Metafil CX Shade Universal	',	'141',	'83497',	12,	'1571808651-1.jpg',	'',	'',	'',	'',	NULL,	1400,	0,	5,	'',	'Yes',	'',	'',	'',	'sun-medical-metafil-cx-shade-universal	/20191023110051',	'20191023110051',	'Yes',	'0',	'2019-10-23 05:30:51'),
(148,	8,	11,	5,	29,	'Sun Medical Metafil CX Shade Inscisal	',	'142',	'83497',	12,	'1571808702-1.jpg',	'',	'',	'',	'',	NULL,	1400,	0,	5,	'',	'Yes',	'',	'',	'',	'sun-medical-metafil-cx-shade-inscisal	/20191023110142',	'20191023110142',	'Yes',	'0',	'2019-10-23 05:31:43'),
(149,	8,	11,	5,	6,	'3M ESPE Filtek Z350 XT Universal Capsules Shade A1 Body	',	'143',	'83497',	12,	'1571808816-1.jpg',	'',	'',	'',	'',	NULL,	2992,	0,	5,	'',	'Yes',	'',	'',	'',	'3m-espe-filtek-z350-xt-universal-capsules-shade-a1-body	/20191023110336',	'20191023110336',	'Yes',	'0',	'2019-10-23 05:33:36'),
(150,	8,	11,	5,	6,	'3M ESPE Filtek Z350 XT Universal Capsules Shade A2 Body	',	'144',	'83497',	12,	'1571808939-1.jpg',	'',	'',	'',	'',	NULL,	2992,	0,	5,	'',	'Yes',	'',	'',	'',	'3m-espe-filtek-z350-xt-universal-capsules-shade-a2-body	/20191023110539',	'20191023110539',	'Yes',	'0',	'2019-10-23 05:35:39'),
(151,	8,	11,	5,	6,	'3M ESPE Filtek Z350 XT Universal Capsules Shade A3 Body	',	'145',	'83497',	12,	'1571809240-1.jpg',	'',	'',	'',	'',	NULL,	2992,	0,	5,	'',	'Yes',	'',	'',	'',	'3m-espe-filtek-z350-xt-universal-capsules-shade-a3-body	/20191023111040',	'20191023111040',	'Yes',	'0',	'2019-10-23 05:40:40'),
(152,	8,	11,	5,	6,	'3M ESPE Filtek Z350 XT Universal Capsules Shade A4 Body	',	'146',	'83497',	12,	'1571809305-1.jpg',	'',	'',	'',	'',	NULL,	2992,	0,	5,	'',	'Yes',	'',	'',	'',	'3m-espe-filtek-z350-xt-universal-capsules-shade-a4-body	/20191023111145',	'20191023111145',	'Yes',	'0',	'2019-10-23 05:41:45'),
(153,	8,	11,	5,	6,	'3M ESPE Filtek Z350 XT Universal Capsules Shade B1 Body	',	'147',	'83497',	12,	'1571809991-1.jpg',	'',	'',	'',	'',	NULL,	2992,	0,	5,	'',	'Yes',	'',	'',	'',	'3m-espe-filtek-z350-xt-universal-capsules-shade-b1-body	/20191023112311',	'20191023112311',	'Yes',	'0',	'2019-10-23 05:53:11'),
(154,	8,	11,	5,	6,	'3M ESPE Filtek Z350 XT Universal Capsules Shade B2 Body	',	'148',	'83497',	12,	'1571810051-1.jpg',	'',	'',	'',	'',	NULL,	2992,	0,	5,	'',	'Yes',	'',	'',	'',	'3m-espe-filtek-z350-xt-universal-capsules-shade-b2-body	/20191023112411',	'20191023112411',	'Yes',	'0',	'2019-10-23 05:54:11'),
(155,	8,	11,	5,	6,	'3M ESPE Filtek Z350 XT Universal Capsules Shade B2 Body	',	'148',	'83497',	12,	'1571810052-1.jpg',	'',	'',	'',	'',	NULL,	2992,	0,	5,	'',	'Yes',	'',	'',	'',	'3m-espe-filtek-z350-xt-universal-capsules-shade-b2-body	/20191023112412',	'20191023112412',	'Yes',	'0',	'2019-10-23 05:54:12'),
(156,	8,	11,	5,	6,	'3M ESPE Filtek Z350 XT Universal Capsules Shade C2 Body	',	'149',	'83497',	12,	'1571810104-1.jpg',	'',	'',	'',	'',	NULL,	2992,	0,	5,	'',	'Yes',	'',	'',	'',	'3m-espe-filtek-z350-xt-universal-capsules-shade-c2-body	/20191023112504',	'20191023112504',	'Yes',	'0',	'2019-10-23 05:55:04'),
(157,	8,	11,	5,	6,	'3M ESPE Filtek Z350 XT Universal Capsules Shade C3 Body	',	'150',	'83497',	12,	'1571810192-1.jpg',	'',	'',	'',	'',	NULL,	2286,	0,	5,	'',	'Yes',	'',	'',	'',	'3m-espe-filtek-z350-xt-universal-capsules-shade-c3-body	/20191023112632',	'20191023112632',	'Yes',	'0',	'2019-10-23 05:56:32'),
(158,	8,	11,	5,	7,	'Tokuyama Estelite Sigma Quick - 3 Syringe Kit	',	'151',	'83497',	12,	'1571810290-1.jpg',	'',	'',	'',	'',	NULL,	7000,	0,	5,	'',	'Yes',	'',	'',	'',	'tokuyama-estelite-sigma-quick-3-syringe-kit	/20191023112810',	'20191023112810',	'Yes',	'0',	'2019-10-23 05:58:10'),
(159,	8,	11,	5,	7,	'Tokuyama Estelite Sigma Quick PLT Shade A1	',	'152',	'83497',	12,	'1571810382-1.jpg',	'',	'',	'',	'',	NULL,	3200,	0,	5,	'',	'Yes',	'',	'',	'',	'tokuyama-estelite-sigma-quick-plt-shade-a1	/20191023112942',	'20191023112942',	'Yes',	'0',	'2019-10-23 05:59:42'),
(160,	8,	11,	5,	7,	'Tokuyama Estelite Sigma Quick PLT Shade A2',	'153',	'83497',	12,	'1571810451-1.jpg',	'',	'',	'',	'',	NULL,	3200,	0,	5,	'',	'Yes',	'',	'',	'',	'tokuyama-estelite-sigma-quick-plt-shade-a2/20191023113051',	'20191023113051',	'Yes',	'0',	'2019-10-23 06:00:51'),
(161,	8,	11,	5,	7,	'Tokuyama Estelite Sigma Quick PLT Shade A5',	'154',	'83497',	12,	'1571810515-1.jpg',	'',	'',	'',	'',	NULL,	3200,	0,	5,	'',	'Yes',	'',	'',	'',	'tokuyama-estelite-sigma-quick-plt-shade-a5/20191023113155',	'20191023113155',	'Yes',	'0',	'2019-10-23 06:01:56'),
(162,	8,	11,	5,	7,	'Tokuyama Estelite Sigma Quick PLT Shade B1',	'155',	'83497',	12,	'1571810582-1.jpg',	'',	'',	'',	'',	NULL,	3200,	0,	5,	'',	'Yes',	'',	'',	'',	'tokuyama-estelite-sigma-quick-plt-shade-b1/20191023113302',	'20191023113302',	'Yes',	'0',	'2019-10-23 06:03:03');

DROP TABLE IF EXISTS `ds_subsubCategory`;
CREATE TABLE `ds_subsubCategory` (
  `id` int(11) NOT NULL AUTO_INCREMENT,
  `sub_category_id` int(11) NOT NULL,
  `subcategory_name` varchar(100) NOT NULL,
  `banner_image` varchar(100) NOT NULL,
  `permalink` varchar(150) NOT NULL,
  `description` varchar(2000) NOT NULL,
  `meta_title` varchar(100) NOT NULL,
  `meta_keywords` varchar(250) NOT NULL,
  `meta_description` varchar(250) NOT NULL,
  `banner_heading` varchar(250) NOT NULL,
  `active` varchar(50) NOT NULL,
  `created` timestamp NOT NULL DEFAULT CURRENT_TIMESTAMP,
  `gender` varchar(50) NOT NULL,
  `og_title` varchar(200) NOT NULL,
  `og_keywords` varchar(200) NOT NULL,
  `og_description` varchar(200) NOT NULL,
  PRIMARY KEY (`id`)
) ENGINE=InnoDB DEFAULT CHARSET=latin1;

INSERT INTO `ds_subsubCategory` (`id`, `sub_category_id`, `subcategory_name`, `banner_image`, `permalink`, `description`, `meta_title`, `meta_keywords`, `meta_description`, `banner_heading`, `active`, `created`, `gender`, `og_title`, `og_keywords`, `og_description`) VALUES
(1,	6,	'pravin',	'',	'pravin',	'',	'',	'',	'',	'',	'Yes',	'2019-10-10 03:25:11',	'',	'',	'',	''),
(2,	8,	'dental sub sub category',	'',	'dental-sub-sub-category',	'',	'',	'',	'',	'',	'Yes',	'2019-10-17 05:50:21',	'',	'',	'',	''),
(3,	9,	'Composites',	'',	'composites',	'',	'Composites',	'',	'',	'',	'Yes',	'2019-10-18 11:38:48',	'',	'',	'',	''),
(4,	11,	'Restorative Kits Store',	'',	'restorative-kits-store',	'',	'',	'',	'',	'',	'Yes',	'2019-10-21 10:03:42',	'',	'',	'',	''),
(5,	11,	'Composites',	'',	'composites',	'',	'',	'',	'',	'',	'Yes',	'2019-10-22 04:14:22',	'',	'',	'',	'');

DROP TABLE IF EXISTS `ds_sub_category_master`;
CREATE TABLE `ds_sub_category_master` (
  `id` int(11) NOT NULL AUTO_INCREMENT,
  `category_id` int(11) DEFAULT NULL,
  `sub_category_name` varchar(255) DEFAULT NULL,
  `sub_category_permalink` varchar(255) DEFAULT NULL,
  `active` tinyint(4) DEFAULT '0',
  `is_deleted` tinyint(4) DEFAULT '0',
  `created` timestamp NOT NULL DEFAULT CURRENT_TIMESTAMP,
  `description` text,
  PRIMARY KEY (`id`)
) ENGINE=InnoDB DEFAULT CHARSET=latin1;

INSERT INTO `ds_sub_category_master` (`id`, `category_id`, `sub_category_name`, `sub_category_permalink`, `active`, `is_deleted`, `created`, `description`) VALUES
(4,	1,	'TEST',	'test',	1,	0,	'2019-09-20 06:46:38',	'adsasdasd'),
(5,	1,	'TEST',	'test',	1,	0,	'2019-09-20 06:48:07',	'adsasdasd'),
(6,	1,	'TEST',	'test',	1,	0,	'2019-09-20 06:48:17',	'asdasdad'),
(7,	2,	'ABC',	'abc',	1,	0,	'2019-09-24 10:29:57',	'asdasd'),
(8,	4,	'dental sub category',	'dental-sub-category',	1,	0,	'2019-10-17 05:49:49',	'<u><em><strong>description 1</strong></em></u>'),
(11,	8,	'Restorative',	'restorative',	1,	0,	'2019-10-21 10:02:33',	'TEST');

DROP TABLE IF EXISTS `ds_web_banner_master`;
CREATE TABLE `ds_web_banner_master` (
  `id` int(11) NOT NULL AUTO_INCREMENT,
  `banner_type` varchar(10) NOT NULL COMMENT 'MT : Management Team, MP : manufacturing Process , CF : Certifications, CU : contact US , SO : Special Offer,P : Product',
  `image_name` varchar(250) NOT NULL,
  `created` timestamp NOT NULL DEFAULT CURRENT_TIMESTAMP,
  PRIMARY KEY (`id`)
) ENGINE=InnoDB DEFAULT CHARSET=latin1;


-- 2019-10-31 13:25:08
